Designator,Mid X,Mid Y,Rotation,Layer
C1,102.393664,-97.631168,0.0,bottom
C10,87.510864,-99.026312,0.0,bottom
C11,99.417104,-101.705216,180.0,bottom
C12,98.672964,-95.99406,90.0,bottom
C13,97.631168,-95.99406,270.0,bottom
C14,96.589372,-95.99406,90.0,bottom
C15,94.654608,-95.547576,90.0,bottom
C16,99.417104,-100.66342,180.0,bottom
C17,99.417104,-99.621624,180.0,bottom
C2,84.08782,-65.335492,90.0,bottom
C3,87.510864,-67.121428,0.0,bottom
C4,83.628288,-102.28412,180.0,bottom
C5,83.628288,-96.926312,0.0,bottom
C6,87.510864,-100.068108,0.0,bottom
C7,91.52922,-95.547576,90.0,bottom
C8,91.919688,-106.170056,270.0,bottom
C9,96.7382,-105.072568,180.0,bottom
D1,52.982857,-76.200064,90.0,bottom
D10,224.464673,-66.127588,270.0,bottom
D11,243.514657,-66.127588,270.0,bottom
D12,262.564641,-66.127588,270.0,bottom
D13,52.982857,-82.153194,270.0,bottom
D14,72.032857,-82.153194,270.0,bottom
D15,91.082736,-84.236648,270.0,bottom
D16,110.132857,-82.748507,270.0,bottom
D17,129.182857,-82.748507,270.0,bottom
D18,148.232733,-82.907257,270.0,bottom
D19,167.282857,-82.748507,270.0,bottom
D2,72.032873,-76.200064,90.0,bottom
D20,186.332857,-82.748507,270.0,bottom
D21,205.382857,-82.748507,270.0,bottom
D22,224.432857,-82.748507,270.0,bottom
D23,243.482857,-82.748507,270.0,bottom
D24,262.532857,-82.748507,270.0,bottom
D25,52.982857,-113.704783,90.0,bottom
D26,72.032873,-113.704783,90.0,bottom
D27,91.082889,-113.704783,90.0,bottom
D28,110.132905,-113.704783,90.0,bottom
D29,129.182921,-113.704783,90.0,bottom
D3,91.082889,-76.200064,90.0,bottom
D30,148.232937,-104.775088,270.0,bottom
D31,167.282953,-113.704783,90.0,bottom
D32,186.332969,-113.704783,90.0,bottom
D33,205.382985,-113.704783,90.0,bottom
D34,224.433001,-113.704783,90.0,bottom
D35,243.483017,-113.704783,90.0,bottom
D36,262.533033,-103.584462,270.0,bottom
D37,52.982857,-121.443852,270.0,bottom
D38,72.032873,-121.44375,270.0,bottom
D39,91.082889,-121.44375,270.0,bottom
D4,110.164769,-66.127588,270.0,bottom
D40,110.132905,-121.443852,270.0,bottom
D41,129.182921,-121.443852,270.0,bottom
D42,157.75768,-124.420208,270.0,bottom
D43,186.332969,-121.443852,270.0,bottom
D44,205.382985,-121.443852,270.0,bottom
D45,224.433001,-121.44375,270.0,bottom
D46,243.483017,-121.443852,270.0,bottom
D47,262.533033,-121.44375,270.0,bottom
D5,129.214753,-66.127588,270.0,bottom
D6,148.264737,-66.127588,270.0,bottom
D7,167.314721,-66.127588,270.0,bottom
D8,186.364705,-66.127588,270.0,bottom
D9,205.414689,-66.127588,270.0,bottom
J1,73.818812,-58.078232,180.0,bottom
MX1,45.24375,-69.05625,180.0,bottom
MX10,216.69375,-69.05625,180.0,bottom
MX11,235.74375,-69.05625,180.0,bottom
MX12,254.79375,-69.05625,180.0,bottom
MX13,45.24375,-88.10625,180.0,bottom
MX14,64.29375,-88.10625,180.0,bottom
MX15,83.34375,-88.10625,180.0,bottom
MX16,102.39375,-88.10625,180.0,bottom
MX17,121.44375,-88.10625,180.0,bottom
MX18,140.49375,-88.10625,180.0,bottom
MX19,159.54375,-88.10625,180.0,bottom
MX2,64.29375,-69.05625,180.0,bottom
MX20,178.59375,-88.10625,180.0,bottom
MX21,197.64375,-88.10625,180.0,bottom
MX22,216.69375,-88.10625,180.0,bottom
MX23,235.74375,-88.10625,180.0,bottom
MX24,254.79375,-88.10625,180.0,bottom
MX25,45.24375,-107.15625,180.0,bottom
MX26,64.29375,-107.15625,180.0,bottom
MX27,83.34375,-107.15625,180.0,bottom
MX28,102.39375,-107.15625,180.0,bottom
MX29,121.44375,-107.15625,180.0,bottom
MX3,83.34375,-69.05625,180.0,bottom
MX30,140.49375,-107.15625,180.0,bottom
MX31,159.54375,-107.15625,180.0,bottom
MX32,178.59375,-107.15625,180.0,bottom
MX33,197.64375,-107.15625,180.0,bottom
MX34,216.69375,-107.15625,180.0,bottom
MX35,235.74375,-107.15625,180.0,bottom
MX36,254.79375,-107.15625,180.0,bottom
MX37,45.24375,-126.20625,180.0,bottom
MX38,64.29375,-126.20625,180.0,bottom
MX39,83.34375,-126.20625,180.0,bottom
MX4,102.39375,-69.05625,180.0,bottom
MX40,102.39375,-126.20625,180.0,bottom
MX41,121.44375,-126.20625,180.0,bottom
MX42,150.01875,-126.20625,180.0,bottom
MX43,178.59375,-126.20625,180.0,bottom
MX44,197.64375,-126.20625,180.0,bottom
MX45,216.69375,-126.20625,180.0,bottom
MX46,235.74375,-126.20625,180.0,bottom
MX47,254.79375,-126.20625,180.0,bottom
MX5,121.44375,-69.05625,180.0,bottom
MX6,140.49375,-69.05625,180.0,bottom
MX7,159.54375,-69.05625,180.0,bottom
MX8,178.59375,-69.05625,180.0,bottom
MX9,197.64375,-69.05625,180.0,bottom
R1,67.865682,-62.16011,270.0,bottom
R2,79.771942,-62.245423,270.0,bottom
R3,104.328428,-97.631168,180.0,bottom
R4,106.263192,-97.631168,0.0,bottom
R5,85.966568,-99.621624,270.0,bottom
R6,87.510864,-97.928824,180.0,bottom
R7,99.417104,-97.48234,0.0,bottom
R8,99.417104,-98.524136,0.0,bottom
SW1,115.192872,-98.821958,180.0,bottom
SW2,75.15814,-98.821958,180.0,bottom
U1,75.604751,-66.412614,90.0,bottom
U3,104.030772,-101.20304,0.0,bottom
U4,92.812812,-100.663588,180.0,bottom
U5,86.766724,-64.74018,0.0,bottom
X1,83.628288,-99.605216,90.0,bottom
